{
  "rtime": 0.020684003829956055,
  "utime": 0.015719,
  "stime": 0.0025280000000000003,
  "cutime": 0.0,
  "cstime": 0.0,
  "minor_words": 244403.0,
  "promoted_words": 4461.0,
  "major_words": 8400.0,
  "minor_collections": 1,
  "major_collections": 0,
  "compactions": 0,
  "top_heap_words": 491520
}