{
  "rtime": 0.04005908966064453,
  "utime": 0.020666,
  "stime": 0.008091000000000001,
  "cutime": 0.0,
  "cstime": 0.0,
  "minor_words": 436639.0,
  "promoted_words": 4461.0,
  "major_words": 333070.0,
  "minor_collections": 1,
  "major_collections": 0,
  "compactions": 0,
  "top_heap_words": 491520
}