{
  "rtime": 0.02812504768371582,
  "utime": 0.018963999999999998,
  "stime": 0.008144999999999999,
  "cutime": 0.0,
  "cstime": 0.0,
  "minor_words": 436439.0,
  "promoted_words": 4461.0,
  "major_words": 333064.0,
  "minor_collections": 1,
  "major_collections": 0,
  "compactions": 0,
  "top_heap_words": 491520
}