{
  "rtime": 0.31171202659606934,
  "utime": 0.266131,
  "stime": 0.019264000000000003,
  "cutime": 0.0,
  "cstime": 0.0,
  "minor_words": 35129784.0,
  "promoted_words": 654537.0,
  "major_words": 1132147.0,
  "minor_collections": 34,
  "major_collections": 2,
  "compactions": 0,
  "top_heap_words": 1139200
}