{
  "rtime": 0.020488977432250977,
  "utime": 0.015819,
  "stime": 0.0035120000000000004,
  "cutime": 0.0,
  "cstime": 0.0,
  "minor_words": 244415.0,
  "promoted_words": 4461.0,
  "major_words": 8404.0,
  "minor_collections": 1,
  "major_collections": 0,
  "compactions": 0,
  "top_heap_words": 491520
}