{
  "rtime": 0.07981014251708984,
  "utime": 0.053334,
  "stime": 0.015939000000000002,
  "cutime": 0.0,
  "cstime": 0.0,
  "minor_words": 3697652.0,
  "promoted_words": 167950.0,
  "major_words": 540615.0,
  "minor_collections": 4,
  "major_collections": 1,
  "compactions": 0,
  "top_heap_words": 565248
}