{
  "rtime": 0.1536879539489746,
  "utime": 0.092198,
  "stime": 0.017922,
  "cutime": 0.0,
  "cstime": 0.0,
  "minor_words": 10762530.0,
  "promoted_words": 311011.0,
  "major_words": 753190.0,
  "minor_collections": 11,
  "major_collections": 1,
  "compactions": 0,
  "top_heap_words": 748032
}