{
  "rtime": 0.03269004821777344,
  "utime": 0.020101,
  "stime": 0.007899,
  "cutime": 0.0,
  "cstime": 0.0,
  "minor_words": 436426.0,
  "promoted_words": 4461.0,
  "major_words": 333062.0,
  "minor_collections": 1,
  "major_collections": 0,
  "compactions": 0,
  "top_heap_words": 491520
}