{
  "rtime": 0.03364896774291992,
  "utime": 0.020861,
  "stime": 0.009561,
  "cutime": 0.0,
  "cstime": 0.0,
  "minor_words": 436536.0,
  "promoted_words": 4461.0,
  "major_words": 333068.0,
  "minor_collections": 1,
  "major_collections": 0,
  "compactions": 0,
  "top_heap_words": 491520
}