{
  "rtime": 0.019421100616455078,
  "utime": 0.015513999999999998,
  "stime": 0.002643,
  "cutime": 0.0,
  "cstime": 0.0,
  "minor_words": 244415.0,
  "promoted_words": 4461.0,
  "major_words": 8402.0,
  "minor_collections": 1,
  "major_collections": 0,
  "compactions": 0,
  "top_heap_words": 491520
}