{
  "rtime": 0.13878607749938965,
  "utime": 0.07101300000000001,
  "stime": 0.017406,
  "cutime": 0.0,
  "cstime": 0.0,
  "minor_words": 5791235.0,
  "promoted_words": 161664.0,
  "major_words": 544902.0,
  "minor_collections": 6,
  "major_collections": 1,
  "compactions": 0,
  "top_heap_words": 565248
}