{
  "rtime": 0.027814149856567383,
  "utime": 0.014901000000000001,
  "stime": 0.0034990000000000004,
  "cutime": 0.0,
  "cstime": 0.0,
  "minor_words": 244427.0,
  "promoted_words": 4461.0,
  "major_words": 8408.0,
  "minor_collections": 1,
  "major_collections": 0,
  "compactions": 0,
  "top_heap_words": 491520
}