{
  "rtime": 0.0501561164855957,
  "utime": 0.029978,
  "stime": 0.011670999999999997,
  "cutime": 0.0,
  "cstime": 0.0,
  "minor_words": 1232156.0,
  "promoted_words": 146945.0,
  "major_words": 488725.0,
  "minor_collections": 2,
  "major_collections": 1,
  "compactions": 0,
  "top_heap_words": 491520
}