{
  "rtime": 0.3790140151977539,
  "utime": 0.314111,
  "stime": 0.027982,
  "cutime": 0.0,
  "cstime": 0.0,
  "minor_words": 44270540.0,
  "promoted_words": 779792.0,
  "major_words": 1274499.0,
  "minor_collections": 43,
  "major_collections": 3,
  "compactions": 0,
  "top_heap_words": 1139200
}