{
  "rtime": 0.028325796127319336,
  "utime": 0.017304,
  "stime": 0.003503,
  "cutime": 0.0,
  "cstime": 0.0,
  "minor_words": 253729.0,
  "promoted_words": 4461.0,
  "major_words": 68259.0,
  "minor_collections": 1,
  "major_collections": 0,
  "compactions": 0,
  "top_heap_words": 491520
}