{
  "rtime": 0.40581297874450684,
  "utime": 0.220727,
  "stime": 0.022861,
  "cutime": 0.0,
  "cstime": 0.0,
  "minor_words": 36065926.0,
  "promoted_words": 1447404.0,
  "major_words": 1832985.0,
  "minor_collections": 35,
  "major_collections": 4,
  "compactions": 0,
  "top_heap_words": 1310208
}