{
  "rtime": 0.04201102256774902,
  "utime": 0.030056,
  "stime": 0.011215,
  "cutime": 0.0,
  "cstime": 0.0,
  "minor_words": 1232147.0,
  "promoted_words": 146945.0,
  "major_words": 488725.0,
  "minor_collections": 2,
  "major_collections": 1,
  "compactions": 0,
  "top_heap_words": 491520
}