{
  "rtime": 0.018976926803588867,
  "utime": 0.015894,
  "stime": 0.0025660000000000006,
  "cutime": 0.0,
  "cstime": 0.0,
  "minor_words": 244439.0,
  "promoted_words": 4461.0,
  "major_words": 8410.0,
  "minor_collections": 1,
  "major_collections": 0,
  "compactions": 0,
  "top_heap_words": 491520
}