{
  "rtime": 0.10634994506835938,
  "utime": 0.07930799999999999,
  "stime": 0.015876,
  "cutime": 0.0,
  "cstime": 0.0,
  "minor_words": 9275936.0,
  "promoted_words": 256156.0,
  "major_words": 614492.0,
  "minor_collections": 9,
  "major_collections": 1,
  "compactions": 0,
  "top_heap_words": 650240
}