{
  "rtime": 0.12388420104980469,
  "utime": 0.027264,
  "stime": 0.012382,
  "cutime": 0.0,
  "cstime": 0.0,
  "minor_words": 932219.0,
  "promoted_words": 4461.0,
  "major_words": 349360.0,
  "minor_collections": 1,
  "major_collections": 0,
  "compactions": 0,
  "top_heap_words": 491520
}