{
  "rtime": 0.03054189682006836,
  "utime": 0.021299000000000002,
  "stime": 0.008112000000000001,
  "cutime": 0.0,
  "cstime": 0.0,
  "minor_words": 436342.0,
  "promoted_words": 4461.0,
  "major_words": 333060.0,
  "minor_collections": 1,
  "major_collections": 0,
  "compactions": 0,
  "top_heap_words": 491520
}