{
  "rtime": 0.7206630706787109,
  "utime": 0.5477609999999999,
  "stime": 0.097179,
  "cutime": 0.0,
  "cstime": 0.0,
  "minor_words": 26178585.0,
  "promoted_words": 3910494.0,
  "major_words": 4984462.0,
  "minor_collections": 31,
  "major_collections": 5,
  "compactions": 0,
  "top_heap_words": 4895744
}