{
  "rtime": 0.9424369335174561,
  "utime": 0.619544,
  "stime": 0.104283,
  "cutime": 0.0,
  "cstime": 0.0,
  "minor_words": 31596216.0,
  "promoted_words": 4397057.0,
  "major_words": 4887842.0,
  "minor_collections": 35,
  "major_collections": 5,
  "compactions": 0,
  "top_heap_words": 4612096
}