{
  "rtime": 0.7202961444854736,
  "utime": 0.547611,
  "stime": 0.096971,
  "cutime": 0.0,
  "cstime": 0.0,
  "minor_words": 26167374.0,
  "promoted_words": 3910494.0,
  "major_words": 4984453.0,
  "minor_collections": 31,
  "major_collections": 5,
  "compactions": 0,
  "top_heap_words": 4895744
}