{
  "rtime": 0.7199740409851074,
  "utime": 0.5474789999999999,
  "stime": 0.09678,
  "cutime": 0.0,
  "cstime": 0.0,
  "minor_words": 26156157.0,
  "promoted_words": 3910494.0,
  "major_words": 4984444.0,
  "minor_collections": 31,
  "major_collections": 5,
  "compactions": 0,
  "top_heap_words": 4895744
}