{
  "rtime": 0.7209100723266602,
  "utime": 0.547862,
  "stime": 0.097326,
  "cutime": 0.0,
  "cstime": 0.0,
  "minor_words": 26186060.0,
  "promoted_words": 3910494.0,
  "major_words": 4984468.0,
  "minor_collections": 31,
  "major_collections": 5,
  "compactions": 0,
  "top_heap_words": 4895744
}