{
  "rtime": 0.7176251411437988,
  "utime": 0.5467249999999999,
  "stime": 0.095308,
  "cutime": 0.0,
  "cstime": 0.0,
  "minor_words": 26100081.0,
  "promoted_words": 3910494.0,
  "major_words": 4984399.0,
  "minor_collections": 31,
  "major_collections": 5,
  "compactions": 0,
  "top_heap_words": 4895744
}