{
  "rtime": 0.7210280895233154,
  "utime": 0.547906,
  "stime": 0.097399,
  "cutime": 0.0,
  "cstime": 0.0,
  "minor_words": 26189796.0,
  "promoted_words": 3910494.0,
  "major_words": 4984471.0,
  "minor_collections": 31,
  "major_collections": 5,
  "compactions": 0,
  "top_heap_words": 4895744
}