{
  "rtime": 0.7204010486602783,
  "utime": 0.547654,
  "stime": 0.097034,
  "cutime": 0.0,
  "cstime": 0.0,
  "minor_words": 26171110.0,
  "promoted_words": 3910494.0,
  "major_words": 4984456.0,
  "minor_collections": 31,
  "major_collections": 5,
  "compactions": 0,
  "top_heap_words": 4895744
}