{
  "rtime": 0.7197730541229248,
  "utime": 0.547395,
  "stime": 0.096663,
  "cutime": 0.0,
  "cstime": 0.0,
  "minor_words": 26148685.0,
  "promoted_words": 3910494.0,
  "major_words": 4984438.0,
  "minor_collections": 31,
  "major_collections": 5,
  "compactions": 0,
  "top_heap_words": 4895744
}