{
  "rtime": 0.7174670696258545,
  "utime": 0.546682,
  "stime": 0.095193,
  "cutime": 0.0,
  "cstime": 0.0,
  "minor_words": 26096345.0,
  "promoted_words": 3910494.0,
  "major_words": 4984396.0,
  "minor_collections": 31,
  "major_collections": 5,
  "compactions": 0,
  "top_heap_words": 4895744
}