{
  "rtime": 0.7193100452423096,
  "utime": 0.5472239999999999,
  "stime": 0.09643699999999999,
  "cutime": 0.0,
  "cstime": 0.0,
  "minor_words": 26137465.0,
  "promoted_words": 3910494.0,
  "major_words": 4984429.0,
  "minor_collections": 31,
  "major_collections": 5,
  "compactions": 0,
  "top_heap_words": 4895744
}