{
  "rtime": 0.9417128562927246,
  "utime": 0.6193419999999999,
  "stime": 0.103815,
  "cutime": 0.0,
  "cstime": 0.0,
  "minor_words": 31581266.0,
  "promoted_words": 4397057.0,
  "major_words": 4887830.0,
  "minor_collections": 35,
  "major_collections": 5,
  "compactions": 0,
  "top_heap_words": 4612096
}