{
  "rtime": 0.94215989112854,
  "utime": 0.619461,
  "stime": 0.104089,
  "cutime": 0.0,
  "cstime": 0.0,
  "minor_words": 31588744.0,
  "promoted_words": 4397057.0,
  "major_words": 4887836.0,
  "minor_collections": 35,
  "major_collections": 5,
  "compactions": 0,
  "top_heap_words": 4612096
}