{
  "rtime": 0.7183411121368408,
  "utime": 0.5469179999999999,
  "stime": 0.095786,
  "cutime": 0.0,
  "cstime": 0.0,
  "minor_words": 26115037.0,
  "promoted_words": 3910494.0,
  "major_words": 4984411.0,
  "minor_collections": 31,
  "major_collections": 5,
  "compactions": 0,
  "top_heap_words": 4895744
}