{
  "rtime": 0.942288875579834,
  "utime": 0.619502,
  "stime": 0.104177,
  "cutime": 0.0,
  "cstime": 0.0,
  "minor_words": 31592480.0,
  "promoted_words": 4397057.0,
  "major_words": 4887839.0,
  "minor_collections": 35,
  "major_collections": 5,
  "compactions": 0,
  "top_heap_words": 4612096
}