{
  "rtime": 0.7188999652862549,
  "utime": 0.5470959999999999,
  "stime": 0.09615600000000001,
  "cutime": 0.0,
  "cstime": 0.0,
  "minor_words": 26126248.0,
  "promoted_words": 3910494.0,
  "major_words": 4984420.0,
  "minor_collections": 31,
  "major_collections": 5,
  "compactions": 0,
  "top_heap_words": 4895744
}