{
  "rtime": 0.7186050415039062,
  "utime": 0.54701,
  "stime": 0.095947,
  "cutime": 0.0,
  "cstime": 0.0,
  "minor_words": 26118776.0,
  "promoted_words": 3910494.0,
  "major_words": 4984414.0,
  "minor_collections": 31,
  "major_collections": 5,
  "compactions": 0,
  "top_heap_words": 4895744
}