{
  "rtime": 0.9413208961486816,
  "utime": 0.619215,
  "stime": 0.103549,
  "cutime": 0.0,
  "cstime": 0.0,
  "minor_words": 31570055.0,
  "promoted_words": 4397057.0,
  "major_words": 4887821.0,
  "minor_collections": 35,
  "major_collections": 5,
  "compactions": 0,
  "top_heap_words": 4612096
}