{
  "rtime": 0.9411840438842773,
  "utime": 0.619173,
  "stime": 0.103455,
  "cutime": 0.0,
  "cstime": 0.0,
  "minor_words": 31566319.0,
  "promoted_words": 4397057.0,
  "major_words": 4887818.0,
  "minor_collections": 35,
  "major_collections": 5,
  "compactions": 0,
  "top_heap_words": 4612096
}