{
  "rtime": 0.7179360389709473,
  "utime": 0.5468099999999999,
  "stime": 0.09553400000000001,
  "cutime": 0.0,
  "cstime": 0.0,
  "minor_words": 26107559.0,
  "promoted_words": 3910494.0,
  "major_words": 4984405.0,
  "minor_collections": 31,
  "major_collections": 5,
  "compactions": 0,
  "top_heap_words": 4895744
}