{
  "rtime": 0.9425778388977051,
  "utime": 0.619591,
  "stime": 0.104378,
  "cutime": 0.0,
  "cstime": 0.0,
  "minor_words": 31599952.0,
  "promoted_words": 4397057.0,
  "major_words": 4887845.0,
  "minor_collections": 35,
  "major_collections": 5,
  "compactions": 0,
  "top_heap_words": 4612096
}