{
  "rtime": 0.7195770740509033,
  "utime": 0.5473089999999999,
  "stime": 0.096565,
  "cutime": 0.0,
  "cstime": 0.0,
  "minor_words": 26144946.0,
  "promoted_words": 3910494.0,
  "major_words": 4984435.0,
  "minor_collections": 31,
  "major_collections": 5,
  "compactions": 0,
  "top_heap_words": 4895744
}