{
  "rtime": 0.3303980827331543,
  "utime": 0.30123700000000003,
  "stime": 0.025311999999999998,
  "cutime": 0.0,
  "cstime": 0.0,
  "minor_words": 7542232.0,
  "promoted_words": 2446482.0,
  "major_words": 2957938.0,
  "minor_collections": 8,
  "major_collections": 3,
  "compactions": 0,
  "top_heap_words": 2961920
}