{
  "rtime": 0.718757152557373,
  "utime": 0.5470539999999999,
  "stime": 0.096055,
  "cutime": 0.0,
  "cstime": 0.0,
  "minor_words": 26122509.0,
  "promoted_words": 3910494.0,
  "major_words": 4984417.0,
  "minor_collections": 31,
  "major_collections": 5,
  "compactions": 0,
  "top_heap_words": 4895744
}