{
  "rtime": 0.7192080020904541,
  "utime": 0.5471819999999999,
  "stime": 0.096377,
  "cutime": 0.0,
  "cstime": 0.0,
  "minor_words": 26133726.0,
  "promoted_words": 3910494.0,
  "major_words": 4984426.0,
  "minor_collections": 31,
  "major_collections": 5,
  "compactions": 0,
  "top_heap_words": 4895744
}