{
  "rtime": 0.720797061920166,
  "utime": 0.547817,
  "stime": 0.097257,
  "cutime": 0.0,
  "cstime": 0.0,
  "minor_words": 26182324.0,
  "promoted_words": 3910494.0,
  "major_words": 4984465.0,
  "minor_collections": 31,
  "major_collections": 5,
  "compactions": 0,
  "top_heap_words": 4895744
}