{
  "rtime": 0.7172560691833496,
  "utime": 0.5465949999999999,
  "stime": 0.095068,
  "cutime": 0.0,
  "cstime": 0.0,
  "minor_words": 26088867.0,
  "promoted_words": 3910494.0,
  "major_words": 4984390.0,
  "minor_collections": 31,
  "major_collections": 5,
  "compactions": 0,
  "top_heap_words": 4895744
}