{
  "rtime": 0.7170591354370117,
  "utime": 0.5464969999999999,
  "stime": 0.09497,
  "cutime": 0.0,
  "cstime": 0.0,
  "minor_words": 26085131.0,
  "promoted_words": 3910494.0,
  "major_words": 4984387.0,
  "minor_collections": 31,
  "major_collections": 5,
  "compactions": 0,
  "top_heap_words": 4895744
}