{
  "rtime": 0.9451658725738525,
  "utime": 0.620362,
  "stime": 0.106134,
  "cutime": 0.0,
  "cstime": 0.0,
  "minor_words": 31659778.0,
  "promoted_words": 4397057.0,
  "major_words": 4887893.0,
  "minor_collections": 35,
  "major_collections": 5,
  "compactions": 0,
  "top_heap_words": 4612096
}