{
  "rtime": 0.7205040454864502,
  "utime": 0.5476949999999999,
  "stime": 0.097095,
  "cutime": 0.0,
  "cstime": 0.0,
  "minor_words": 26174846.0,
  "promoted_words": 3910494.0,
  "major_words": 4984459.0,
  "minor_collections": 31,
  "major_collections": 5,
  "compactions": 0,
  "top_heap_words": 4895744
}