{
  "rtime": 0.7180850505828857,
  "utime": 0.5468529999999999,
  "stime": 0.09564,
  "cutime": 0.0,
  "cstime": 0.0,
  "minor_words": 26111301.0,
  "promoted_words": 3910494.0,
  "major_words": 4984408.0,
  "minor_collections": 31,
  "major_collections": 5,
  "compactions": 0,
  "top_heap_words": 4895744
}