{
  "rtime": 0.719048023223877,
  "utime": 0.5471389999999999,
  "stime": 0.09626,
  "cutime": 0.0,
  "cstime": 0.0,
  "minor_words": 26129990.0,
  "promoted_words": 3910494.0,
  "major_words": 4984423.0,
  "minor_collections": 31,
  "major_collections": 5,
  "compactions": 0,
  "top_heap_words": 4895744
}