{
  "rtime": 0.7200801372528076,
  "utime": 0.5475209999999999,
  "stime": 0.096844,
  "cutime": 0.0,
  "cstime": 0.0,
  "minor_words": 26159893.0,
  "promoted_words": 3910494.0,
  "major_words": 4984447.0,
  "minor_collections": 31,
  "major_collections": 5,
  "compactions": 0,
  "top_heap_words": 4895744
}